Title,Date
"1000 Miles from Christmas","25/12/2021"
"The Holiday","25/12/2021"
"Fauda: Season 3: Episode 7","15/12/2021"
"The Unforgivable","15/12/2021"
"Colin in Black & White: Limited Series: Cornrows","05/12/2021"
"14 Peaks: Nothing Is Impossible","05/12/2021"
"Fauda: Season 3: Episode 6","04/12/2021"
"Fauda: Season 3: Episode 5","04/12/2021"
"Master of None: Season 3: Moments in Love, Chapter 1","02/12/2021"
"Mighty Little Bheem: Season 3: Bheem’s Snow Day","21/11/2021"
"Mighty Little Bheem: Season 3: The Wrestler","21/11/2021"
"Mighty Little Bheem: Season 3: Buttery Bheem","21/11/2021"
"Mighty Little Bheem: Season 3: A Trip to the Moon","21/11/2021"
"Mighty Little Bheem: Season 3: Bheem at the Playground","21/11/2021"
"Mighty Little Bheem: Season 3: A Day at the Marketplace","21/11/2021"
"Mighty Little Bheem: Season 3: Grand Indian Wedding","21/11/2021"
"Mighty Little Bheem: Season 3: Titli’s Arts and Crafts Day","21/11/2021"
"Mighty Little Bheem: Season 3: Bheem’s Monsoon Monday","21/11/2021"
"Mighty Little Bheem: Season 3: Tiger Trouble","21/11/2021"
"Mighty Little Bheem: Season 3: A Day with a Peacock","21/11/2021"
"Mighty Little Bheem: Season 3: Carrots","21/11/2021"
"Mighty Little Bheem: Season 3: Bheem's New Tooth","21/11/2021"
"Mighty Little Bheem: Season 3: Scarecrow","21/11/2021"
"Mighty Little Bheem: Season 3: A Dogsitter’s Nightmare","21/11/2021"
"The Forgotten Battle","20/11/2021"
"Stuck Together","20/11/2021"
"Fauda: Season 3: Episode 4","19/11/2021"
"Hit & Run: Season 1: Hit & Run","17/11/2021"
"Maid: Limited Series: Dollar Store","15/11/2021"
"A Family Reunion Christmas","14/11/2021"
"Love Hard","14/11/2021"
"Red Notice","14/11/2021"
"A Giant Jack Christmas","10/11/2021"
"Puppy Star Christmas","09/11/2021"
"Ready to Mingle","06/11/2021"
"The Chestnut Man: Season 1: Episode 2","03/11/2021"
"The Chestnut Man: Season 1: Episode 1","03/11/2021"
"Sharkdog: Season 1: Sharks Sharks Sharks / Sharkdog Home Alone / My Fair Sharkdog","03/11/2021"
"Sharkdog: Season 1: Sharkdoghouse / Sharkdog Digs In / The Great Shark Hunter","03/11/2021"
"Hit & Run: Season 1: Search & Destroy","02/11/2021"
"Hit & Run: Season 1: Prose & Cons","31/10/2021"
"Masha's Spooky Stories: Season 1: Episode 2","31/10/2021"
"Masha's Spooky Stories: Season 1: Episode 1","31/10/2021"
"Masha's Spooky Stories: Season 1: Episode 6","31/10/2021"
"Masha's Spooky Stories: Season 1: Episode 5","31/10/2021"
"A Babysitter's Guide to Monster Hunting","31/10/2021"
"Booba: Season 3: Magic Photo Booth","31/10/2021"
"Booba: Season 3: Submarine Adventure","31/10/2021"
"Booba: Season 3: Wild West","31/10/2021"
"Booba: Season 3: Science Museum","31/10/2021"
"Booba: Season 3: Magic Lamp","31/10/2021"
"Booba: Season 3: Funfair","31/10/2021"
"Booba: Season 3: Watermelon","31/10/2021"
"Booba: Season 3: Tooth Fairy","31/10/2021"
"Booba: Season 3: Easter","31/10/2021"
"Booba: Season 3: Firefighter","31/10/2021"
"Booba: Season 3: Clay crafts","31/10/2021"
"Booba: Season 3: Juice","31/10/2021"
"Booba: Season 3: Booba in the Future","31/10/2021"
"Booba: Season 3: Circus Adventure","31/10/2021"
"Booba: Season 3: Office","31/10/2021"
"Booba: Season 3: Santa’s Grotto","31/10/2021"
"Booba: Season 3: Kitchen Adventures","31/10/2021"
"Booba: Season 3: Flying","31/10/2021"
"Grizzy and the Lemmings: Season 2: Camping In The Wild","31/10/2021"
"Sharkdog: Season 1: Fins in the Water / Home Sweet Sharkdog / Unfetch","31/10/2021"
"Shaun the Sheep: Adventures from Mossy Bottom: Season 1: Pumpkin Peril / Farm Park","31/10/2021"
"Shaun the Sheep: Adventures from Mossy Bottom: Season 1: Tour de Mossy Bottom / Sheep Sheep Goose","31/10/2021"
"Shaun the Sheep: Adventures from Mossy Bottom: Season 1: Hot to Trotter / Box Fresh","31/10/2021"
"Shaun the Sheep: Adventures from Mossy Bottom: Season 1: Express Delivery / Pond Life","31/10/2021"
"Shaun the Sheep: Adventures from Mossy Bottom: Season 1: Teddy Heist / Costume Drama","31/10/2021"
"Shaun the Sheep: Adventures from Mossy Bottom: Season 1: Go Bitzer Go! / Prize Porker","31/10/2021"
"Shaun the Sheep: Adventures from Mossy Bottom: Season 1: Squirrelled Away / Room with a Ewe","31/10/2021"
"Shaun the Sheep: Adventures from Mossy Bottom: Season 1: #farmstar / CSI Mossy","30/10/2021"
"Mighty Express: Season 4: Knight Knight Dragon / Bubble Trouble","30/10/2021"
"Mighty Express: Season 5: Dog House Delivery / Monkey Wrench","30/10/2021"
"Mighty Express: Season 5: A Mighty Windmill / Robot on the Run","30/10/2021"
"Mighty Express: Season 5: The Domino Effect / Quack Express","30/10/2021"
"Mighty Express: Season 5: Sheriff Red / Pizza Day","30/10/2021"
"Jurassic World Camp Cretaceous: Season 1: Happy Birthday, Eddie!","30/10/2021"
"Jurassic World Camp Cretaceous: Season 1: Things Fall Apart","30/10/2021"
"Jurassic World Camp Cretaceous: Season 1: The Cattle Drive","30/10/2021"
"Jurassic World Camp Cretaceous: Season 1: Secrets","30/10/2021"
"Jurassic World Camp Cretaceous: Season 1: Camp Cretaceous","30/10/2021"
"Toot-Toot Cory Carson: Season 6: Ball on the Roof","30/10/2021"
"Toot-Toot Cory Carson: Season 6: Bumper Bowling","30/10/2021"
"Roary the Racing Car: Season 1: Episode 2","30/10/2021"
"Roary the Racing Car: Season 1: Episode 1","30/10/2021"
"Hotel Transylvania","29/10/2021"
"Super Monsters: Vida's First Halloween","29/10/2021"
"Peppa Pig: Season 6: The Queen/Desert Island/Perfume/The Children's Fete","29/10/2021"
"Sharkdog's Fintastic Halloween","29/10/2021"
"Squid Game: Season 1: Red Light, Green Light","27/10/2021"
"Hit & Run: Season 1: Part & Parcel","20/10/2021"
"Hit & Run: Season 1: Hide & Seek","20/10/2021"
"Hit & Run: Season 1: Flesh & Blood","22/09/2021"
"Hit & Run: Season 1: Breaking & Entering","21/09/2021"
"Hit & Run: Season 1: Friends & Foes","07/09/2021"
"Somebody Feed Phil: Season 4: Singapore","05/09/2021"
"Somebody Feed Phil: Season 4: San Francisco","05/09/2021"
"Somebody Feed Phil: Season 4: Rio de Janeiro","05/09/2021"
"Salt Fat Acid Heat: Season 1: Salt","04/09/2021"
"Salt Fat Acid Heat: Season 1: Fat","04/09/2021"
"Hit & Run: Season 1: Love & Loss","29/08/2021"
"Skater Girl","28/08/2021"
"Fifty Shades of Grey","28/08/2021"
"Nymphomaniac: Volume 1","27/08/2021"
"Amar","27/08/2021"
"Chernobyl 1986","27/08/2021"
"Gilmore Girls: Season 1: Pilot","22/08/2021"
"The Parisian Agency: Exclusive Properties: Season 1: Episode 1","20/08/2021"
"Lupin: Part 1: Chapter 1","05/08/2021"
"Ronaldo","05/08/2021"
"Quiet","03/08/2021"
"Nobody Knows I'm Here","03/08/2021"
"The Serpent: Limited Series: Episode 1","31/07/2021"
"Lupin: Part 2: Chapter 10","29/07/2021"
"¿Quién mató a Sara?: Season 2: I Killed Sara","27/07/2021"
"¿Quién mató a Sara?: Season 2: We Were Never Friends","26/07/2021"
"¿Quién mató a Sara?: Season 2: This Is Personal","26/07/2021"
"¿Quién mató a Sara?: Season 2: The Dead Speak","25/07/2021"
"¿Quién mató a Sara?: Season 2: It's All on You","25/07/2021"
"Lupin: Part 2: Chapter 9","05/07/2021"
"Lupin: Part 2: Chapter 8","24/06/2021"
"¿Quién mató a Sara?: Season 2: Collapse","19/06/2021"
"¿Quién mató a Sara?: Season 2: Blood on Their Hands","19/06/2021"
"Fatherhood","19/06/2021"
"Lupin: Part 2: Chapter 7","18/06/2021"
"¿Quién mató a Sara?: Season 2: The Two Faces of Sara","16/06/2021"
"Lupin: Part 2: Chapter 6","14/06/2021"
"Blue Miracle","12/06/2021"
"The Surgeon's Cut: Season 1: Saving Life Before Birth","12/06/2021"
"The Social Dilemma","12/06/2021"
"Eat Pray Love","12/06/2021"
"¿Quién mató a Sara?: Season 1: Two Graves","08/06/2021"
"¿Quién mató a Sara?: Season 1: Watch the World Burn","06/06/2021"
"¿Quién mató a Sara?: Season 1: Where Dreams Become Reality","03/06/2021"
"¿Quién mató a Sara?: Season 1: Fear and Guilt","18/05/2021"
"¿Quién mató a Sara?: Season 1: Hunting","04/05/2021"
"Inside the World’s Toughest Prisons: Season 5: South Africa: The Number Gangs Prison","29/04/2021"
"¿Quién mató a Sara?: Season 1: Life Insurance","28/04/2021"
"¿Quién mató a Sara?: Season 1: The Monster in the Family","23/04/2021"
"Minions","23/04/2021"
"¿Quién mató a Sara?: Season 1: Love, Sara","17/04/2021"
"Miraculous: Tales of Ladybug & Cat Noir: Season 1: The Bubbler","15/04/2021"
"Fast & Furious Spy Racers: Season 3: Sahara: The Hunt","13/04/2021"
"Fast & Furious Spy Racers: Season 3: Sahara: The Empty Well","13/04/2021"
"Fast & Furious Spy Racers: Season 3: Sahara: The Dead End","13/04/2021"
"Fast & Furious Spy Racers: Season 3: Sahara: The Giant Haboob","13/04/2021"
"Secret Magic Control Agency","13/04/2021"
"Happy Feet","13/04/2021"
"¿Quién mató a Sara?: Season 1: Bad People","12/04/2021"
"Magical Andes: Season 2: Venezuela and Colombia","12/04/2021"
"Two Distant Strangers","10/04/2021"
"Nadiya Bakes: Season 1: Celebration Bakes","10/04/2021"
"¿Quién mató a Sara?: Season 1: It Wasn't a Mistake","08/04/2021"
"The Life Ahead","08/04/2021"
"Derry Girls: Season 1: Episode 1","07/04/2021"
"The Kissing Booth","06/04/2021"
"Dinotrux Supercharged: Season 3: Dyscrapadons","05/04/2021"
"Dinotrux Supercharged: Season 3: Renegades","05/04/2021"
"Nadiya Bakes: Season 1: Classics with a Twist","04/04/2021"
"Riverdale: Season 1: Chapter One: The River's Edge","20/03/2021"
"Insatiable: Season 1: Skinny Is Magic","20/03/2021"
"Dogwashers","19/03/2021"
"Stateless: Limited Series: The Seventh Circle","12/03/2021"
"Ginny & Georgia: Season 1: Pilot","10/03/2021"
"Heavy Rescue: Season 2: It Only Takes a Second","10/03/2021"
"Julie and the Phantoms: Season 1: Wake Up","09/03/2021"
"Stateless: Limited Series: Panis Angelicus","05/03/2021"
"Booba: Season 3: Halloween","05/03/2021"
"Shaun the Sheep: Adventures from Mossy Bottom: Season 1: Super Sheep / Space Bitzer","05/03/2021"
"Shaun the Sheep: Adventures from Mossy Bottom: Season 1: Baa-gherita / Get Your Goat","05/03/2021"
"Stateless: Limited Series: Run Sofie Run","24/02/2021"
"I Am Kalam","23/02/2021"
"Miracles from Heaven","21/02/2021"
"Stateless: Limited Series: The Right Thing","20/02/2021"
"Stateless: Limited Series: Incognita","19/02/2021"
"Stateless: Limited Series: The Circumstances in Which They Come","17/02/2021"
"Mean Girls 2","15/02/2021"
"Learning Time with Timmy: Season 1: Make a Train/What's in the Tent","13/02/2021"
"Learning Time with Timmy: Season 1: Picnic Time/Rainbow Colours","13/02/2021"
"Learning Time with Timmy: Season 1: Hide and Seek/Puppet Show","13/02/2021"
"Learning Time with Timmy: Season 1: Stop and Go!/Let's Share","13/02/2021"
"Learning Time with Timmy: Season 1: Jungle Animals/Colour Mixing","13/02/2021"
"Learning Time with Timmy: Season 1: Poor Teddy/Spooky Sounds","13/02/2021"
"Follow Me","12/02/2021"
"Adú","11/02/2021"
"The White Tiger","05/02/2021"
"Brain on Fire","02/02/2021"
"Notes for My Son","02/02/2021"
"Bridgerton: Season 1: Diamond of the First Water","30/01/2021"
"Go Dog Go: Season 1: Clucky Day / Take Me Out to the Fetch Game","29/01/2021"
"Go Dog Go: Season 1: Ding Dong Day / Grand Sam","29/01/2021"
"Go Dog Go: Season 1: Welcome to Pawston / Ruff Day on the Job","29/01/2021"
"Lupin: Part 1: Chapter 5","23/01/2021"
"Lupin: Part 1: Chapter 4","22/01/2021"
"Lupin: Part 1: Chapter 3","20/01/2021"
"Gigantosaurus: Season 1: Mazu Takes A Chance","20/01/2021"
"LEGO Ninjago: Season 1 - Secrets of Forbidden Spinjitzu: A Rocky Start","20/01/2021"
"LEGO Ninjago: Season 1 - Secrets of Forbidden Spinjitzu: Questing for Quests","20/01/2021"
"LEGO Ninjago: Season 1 - Secrets of Forbidden Spinjitzu: Wasted True Potential","20/01/2021"
"LEGO Ninjago: Masters of Spinjitzu: Happy Birthday to You!","20/01/2021"
"The Incredible Story of the Giant Pear","20/01/2021"
"LEGO City: Where Ravens Crow: LEGO City Where Ravens Crow","20/01/2021"
"Lupin: Part 1: Chapter 2","19/01/2021"
"Keeping Up with the Kardashians: Season 4: The Wedding","19/01/2021"
"The Real Housewives of Beverly Hills: Season 1: Life, Liberty and the Pursuit of Wealthiness","19/01/2021"
"Freedom Writers","16/01/2021"
"The Playbook: Season 1: Doc Rivers: A Coach's Rules for Life","05/01/2021"
"Attitude Test","05/01/2021"
"Summertime: Season 1: Another Winter","02/01/2021"
"Summertime: Season 1: Don't You Cry","02/01/2021"
"Summertime: Season 1: Those Who Remain","01/01/2021"
"Summertime: Season 1: Without You","01/01/2021"
"Summertime: Season 1: A Glimpse of Peace","01/01/2021"
"Summertime: Season 1: A Moment at Night","01/01/2021"
"Summertime: Season 1: Just You & I","30/12/2020"
"Summertime: Season 1: I Hate Summer","30/12/2020"
"Operation Christmas Drop","27/12/2020"
"Home for Christmas: Season 1: The Big Christmas Lie","27/12/2020"
"Green Book","25/12/2020"
"Mujeres arriba","24/12/2020"
"The Trader (Sovdagari)","23/12/2020"
"Just Another Christmas","19/12/2020"
"Undercover: Season 1: Camping Zonnedauw","18/12/2020"
"Rogue City","12/12/2020"
"Dry Martina","11/12/2020"
"La Última Fiesta","11/12/2020"
"Rocketman","11/12/2020"
"White Lines: Season 1: Episode 10","09/12/2020"
"White Lines: Season 1: Episode 9","08/12/2020"
"DASH & LILY: Season 1: Lily","04/12/2020"
"DASH & LILY: Season 1: Dash","04/12/2020"
"Dr. Seuss' The Grinch","01/12/2020"
"Thi Mai","30/11/2020"
"Killer Inside: The Mind of Aaron Hernandez: Limited Series: Episode 2","30/11/2020"
"The Trials of Gabriel Fernandez: Limited Series: A Shock to the System","30/11/2020"
"Private Life","30/11/2020"
"The Christmas Chronicles: Part Two","29/11/2020"
"White Lines: Season 1: Episode 8","24/11/2020"
"Alien Xmas","22/11/2020"
"How the Grinch Stole Christmas","16/11/2020"
"Love & Anarchy: Season 1: Surprise Me","14/11/2020"
"Fireman Sam: The Great Fire of PontyPandy","14/11/2020"
"Love & Anarchy: Season 1: How It All Began","13/11/2020"
"La Révolution: Season 1: Chapter One - The Beginning","13/11/2020"
"Arthur Christmas","11/11/2020"
"The Christmas Chronicles","11/11/2020"
"Our Planet: Season 1: Coastal Seas","08/11/2020"
"Race","07/11/2020"
"LEGO: CITY Adventures: Season 1: Billy the Bug","01/11/2020"
"LEGO: CITY Adventures: Season 1: Cubs and Robbers","01/11/2020"
"Our Planet: Season 1: Jungles","31/10/2020"
"Our Planet: Season 1: Frozen Worlds","30/10/2020"
"Despicable Me","23/10/2020"
"LEGO Ninjago: Masters of Spinjitzu: Way of the Ninja","23/10/2020"
"David Attenborough: A Life on Our Planet","23/10/2020"
"LEGO Ninjago: Masters of Spinjitzu: King of Shadows","23/10/2020"
"LEGO Ninjago: Masters of Spinjitzu: Rise of the Serpentine: All of Nothing","21/10/2020"
"LEGO Ninjago: Masters of Spinjitzu: Rise of the Serpentine: The Green Ninja","21/10/2020"
"LEGO Ninjago: Masters of Spinjitzu: Rise of the Serpentine: The Royal Blacksmiths","21/10/2020"
"LEGO Ninjago: Masters of Spinjitzu: Rise of the Serpentine: Once Bitten, Twice Shy","20/10/2020"
"LEGO Ninjago: Masters of Spinjitzu: Rise of the Serpentine: Tick Tock","20/10/2020"
"LEGO Ninjago: Masters of Spinjitzu: Rise of the Serpentine: The Snake King","20/10/2020"
"LEGO Ninjago: Masters of Spinjitzu: Rise of the Serpentine: Can of Worms","20/10/2020"
"You've Got This","10/10/2020"
"Sergio","22/09/2020"
"LEGO Jurassic World: The Indominus Escape","22/09/2020"
"LEGO City: LEGO City 2018: LEGO City Compilation Special 2","22/09/2020"
"Summer of '92","21/09/2020"
"The Climb","12/09/2020"
"Department Q: The Absent One","12/09/2020"
"Land of Mine","12/09/2020"
"The Commune","12/09/2020"
"Spies & Glistrup","12/09/2020"
"In China They Eat Dogs","12/09/2020"
"The Spy: Limited Series: The Immigrant","11/09/2020"
"Dad Wanted","11/09/2020"
"LEGO Ninjago: Masters of Spinjitzu: Rise of the Serpentine: Never Trust a Snake","09/09/2020"
"LEGO Ninjago: Masters of Spinjitzu: Rise of the Serpentine: Snakebit","09/09/2020"
"LEGO Ninjago: Masters of Spinjitzu: Rise of the Serpentine: Home","08/09/2020"
"Lego DC Comics: Batman Be-Leaguered","08/09/2020"
"White Lines: Season 1: Episode 7","07/09/2020"
"Cobra Kai: Season 1: Ace Degenerate","07/09/2020"
"Chef's Table: BBQ: Volume 1: Tootsie Tomanetz","04/09/2020"
"Norsemen: Season 1: The Homecoming","21/08/2020"
"Love Is Blind: Season 1: Will You Marry Me?","21/08/2020"
"Pedal the World","20/08/2020"
"LEGO Ninjago: Masters of Spinjitzu: Rise of the Serpentine: Rise of the Snakes","06/08/2020"
"Anelka: Misunderstood","06/08/2020"
"The Lego Movie","06/08/2020"
"LEGO City: LEGO City 2018: LEGO City Compilation Special 1","05/08/2020"
"White Lines: Season 1: Episode 6","04/08/2020"
"Drug Squad: Costa del Sol: Season 1: Lies","25/07/2020"
"Ragnarok: Season 1: New Boy","25/07/2020"
"Wasp Network","20/07/2020"
"Johnny English Strikes Again","12/07/2020"
"Alexa & Katie: Part 4: Last Dance","11/07/2020"
"White Lines: Season 1: Episode 5","27/06/2020"
"365 Days","24/06/2020"
"Zack & Quack: Season 1: Pop-Up Duck Vacation / Pop Idols","09/06/2020"
"Zack & Quack: Season 1: The Great Pop-Up Ice Race / The Legend of King Pop","09/06/2020"
"Zack & Quack: Season 1: Pop-Up Mystery / Pop to the Top","09/06/2020"
"Win the Wilderness: Season 1: Do or Die","05/06/2020"
"Full Out","04/06/2020"
"White Lines: Season 1: Episode 4","28/05/2020"
"Nadiya’s Time to Eat: Season 1: Easy End of Days","27/05/2020"
"Nadiya’s Time to Eat: Season 1: Baking Made Easy","27/05/2020"
"Nadiya’s Time to Eat: Season 1: Recipes in a Rush","27/05/2020"
"White Lines: Season 1: Episode 3","23/05/2020"
"Stay Here: Season 1: Malibu Beach House","23/05/2020"
"White Lines: Season 1: Episode 2","21/05/2020"
"Land of glass","20/05/2020"
"White Lines: Season 1: Episode 1","16/05/2020"
"Bordertown: Season 1: The Dolls' House (Part One)","16/05/2020"
"Coronavirus, Explained: Limited Series: This Pandemic","01/05/2020"
"Fauda: Season 3: Episode 3","28/04/2020"
"Fauda: Season 3: Episode 2","28/04/2020"
"Restaurants on the Edge: Season 1: Malta","28/04/2020"
"Extraction","27/04/2020"
"Tayo the Little Bus Movie: Mission Ace","27/04/2020"
"The Main Event","26/04/2020"
"Despicable Me 2","25/04/2020"
"Jane The Virgin: Season 1: Chapter One: Pilot","25/04/2020"
"Love Is Blind: Season 1: Is Love Blind?","25/04/2020"
"Cooked with Cannabis: Season 1: Grilled Backyard BBQ","25/04/2020"
"Absurd Planet: Season 1: Raging Waters","25/04/2020"
"Absurd Planet: Season 1: Strangest Things","25/04/2020"
"Stay Here: Season 1: Seattle Houseboat","24/04/2020"
"A Fall from Grace","24/04/2020"
"Miracle in Cell No. 7","24/04/2020"
"Interior Design Masters: Season 1: Episode 1","23/04/2020"
"Grizzy and the Lemmings: Season 1: Thirst Quencher","21/04/2020"
"Grizzy and the Lemmings: Season 1: Bear Itch","21/04/2020"
"Grizzy and the Lemmings: Season 1: Lemming Tonic","21/04/2020"
"Grizzy and the Lemmings: Season 1: Role Change","21/04/2020"
"Grizzy and the Lemmings: Season 1: Dancing with the Bears","21/04/2020"
"Grizzy and the Lemmings: Season 1: Popcorn Party","21/04/2020"
"Grizzy and the Lemmings: Season 1: Bear Under Control","21/04/2020"
"Fauda: Season 3: Episode 1","20/04/2020"
"Making Unorthodox","17/04/2020"
"Unorthodox: Limited Series: Part 4","17/04/2020"
"Unorthodox: Limited Series: Part 3","17/04/2020"
"100 Humans: Season 1: What Makes Us Attractive?","12/04/2020"
"Shazam!","09/04/2020"
"Mucize","09/04/2020"
"Live Twice, Love Once","07/04/2020"
"Unorthodox: Limited Series: Part 2","03/04/2020"
"Unorthodox: Limited Series: Part 1","03/04/2020"
"Now You See Me 2","27/03/2020"
"Parental Guidance","27/03/2020"
"Four Seasons in Havana: Season 1: Autumn Landscapes","18/03/2020"
"The SpongeBob Movie: Sponge Out of Water","15/03/2020"
"Pup Academy: Season 1: The Stray’s First Day","14/03/2020"
"Booba: Season 2 (Part 2): Show","14/03/2020"
"Booba: Season 2 (Part 2): Guest","14/03/2020"
"Booba: Season 2 (Part 2): Magic Wardrobe","14/03/2020"
"Booba: Season 2 (Part 2): Treasure Map","14/03/2020"
"Booba: Season 2 (Part 2): Magic chalk","14/03/2020"
"Booba: Season 2 (Part 2): Music Shop","14/03/2020"
"Booba: Season 2 (Part 2): Spaceship","14/03/2020"
"Booba: Season 2 (Part 2): Gift Shop","14/03/2020"
"Booba: Season 2 (Part 2): Ballet","14/03/2020"
"Booba: Season 2 (Part 2): Bowling","14/03/2020"
"Booba: Season 2 (Part 2): Crazy Golf","14/03/2020"
"Grizzy and the Lemmings: Season 1: Mass Control","14/03/2020"
"Grizzy and the Lemmings: Season 1: Domestic Robots","14/03/2020"
"Grizzy and the Lemmings: Season 1: Extreme Fitness","14/03/2020"
"Grizzy and the Lemmings: Season 1: Jurassic Bear","14/03/2020"
"Grizzy and the Lemmings: Season 1: Cellular Bear","14/03/2020"
"Grizzy and the Lemmings: Season 1: Bear Spread","14/03/2020"
"Grizzy and the Lemmings: Season 1: Polar Bear","14/03/2020"
"Four Seasons in Havana: Season 1: Masks","13/03/2020"
"Four Seasons in Havana: Season 1: Past Perfect","06/03/2020"
"Four Seasons in Havana: Season 1: The Winds of Lent","20/02/2020"
"Cable Girls: Season 1: Chapter 3: Lies","20/02/2020"
"Cable Girls: Season 1: Chapter 2: Memories","20/02/2020"
"Cable Girls: Season 1: Chapter 1: Dreams","20/02/2020"
"Sex, Explained: Limited Series: Sexual Fantasies","19/02/2020"
"Cloudy with a Chance of Meatballs 2","17/02/2020"
"To All the Boys: P.S. I Still Love You","16/02/2020"
"Uncut Gems","16/02/2020"
"The Coldest Game","14/02/2020"
"El Pepe, a Supreme Life","12/02/2020"
"Airplane Mode","07/02/2020"
"6 Underground","01/02/2020"
"Como caído del cielo","31/01/2020"
"Night on Earth: Limited Series: Moonlit Plains","31/01/2020"
"ROMA","30/01/2020"
"Wonder","30/01/2020"
"Killer Inside: The Mind of Aaron Hernandez: Limited Series: Episode 1","30/01/2020"
"Seven Years in Tibet","30/01/2020"
"Vikings: Season 1: Rites of Passage","29/01/2020"
"Rise of Empires: Ottoman: Season 1: The New Sultan","29/01/2020"
"Magical Andes: Season 1: Argentina and Chile, from the southern ice","26/01/2020"
"the goop lab with Gwyneth Paltrow: Season 1: The Healing Trip","26/01/2020"
"Fake or Fortune?: Season 4: Lowry","25/01/2020"
"Rasmus Klump: Episode 3","25/01/2020"
"Rasmus Klump: Episode 2","25/01/2020"
"The LEGO Movie 2: The Second Part","24/01/2020"
"9. April","24/01/2020"
"Far til fire på toppen","24/01/2020"
"Imagine That","21/01/2020"
"The Last Summer","18/01/2020"
"Hitch","18/01/2020"
"Messiah: Season 1: He That Hath an Ear","18/01/2020"
"Smoke & Mirrors","18/01/2020"
"Erin Brockovich","18/01/2020"
"When They See Us: Limited Series: Part Two","18/01/2020"
"The Two Popes","15/01/2020"
"Much Ado About Nothing","15/01/2020"
"Booba: Season 2 (Part 2): Toy Store","12/01/2020"
"Маша и Медведь: Season 3: Twinkle, Twinkle, Little Star / All the World's a Stage / God Save the Queen!","12/01/2020"
"Маша и Медведь: Season 3: At Your Service / Game Over / A Christmas Carol","12/01/2020"
"Маша и Медведь: Season 3: Surprise! Surprise! / Liar, Liar, Pants on Fire! / The Three Mashketeers","12/01/2020"
"Peter Pan","11/01/2020"
"Tad the Lost Explorer and the Secret of King Midas (English Version)","11/01/2020"
"Robinson Crusoe","11/01/2020"
"Tidying Up with Marie Kondo: Season 1: Breaking Free from a Mountain of Stuff","07/01/2020"
"Larry Charles' Dangerous World of Comedy: Season 1: Part 1: War - The Survivors","03/01/2020"
"Magic for Humans: Season 2: Fake","21/12/2019"
"Magic for Humans: Season 2: Christmas","21/12/2019"
"Chuggington: Season 1: Can't Catch Koko / Wilson and the Elephant","21/12/2019"
"Over the Hedge","21/12/2019"
"Klaus","20/12/2019"
"Inglourious Basterds","13/12/2019"
"Broken: Season 1: Recycling Sham","13/12/2019"
"Mighty Little Bheem: Season 2: Disappearing Bheem","13/12/2019"
"Mighty Little Bheem: Season 2: Wagon Ride","13/12/2019"
"Mighty Little Bheem: Season 2: Bheem Meets Bunty","13/12/2019"
"Mighty Little Bheem: Season 2: Sticky Bheem","13/12/2019"
"Mighty Little Bheem: Season 2: Rice Rice Baby","13/12/2019"
"Mighty Little Bheem: Season 2: Busy As A Bheem","13/12/2019"
"Mighty Little Bheem: Season 2: The Lost Pup","13/12/2019"
"Mighty Little Bheem: Season 2: The Swamp Thing","13/12/2019"
"Mighty Little Bheem: Season 2: Birdie Bheem","13/12/2019"
"Mighty Little Bheem: Season 2: Mistaken Identities","13/12/2019"
"Mighty Little Bheem: Season 2: Painting With Bheem","13/12/2019"
"Mighty Little Bheem: Diwali: Collection: Fireworks","12/12/2019"
"Mighty Little Bheem: Diwali: Collection: Temple Trouble","12/12/2019"
"Mighty Little Bheem: Diwali: Collection: It's Diwali","12/12/2019"
"Bob's Broken Sleigh","11/12/2019"
"Winter on Fire: Ukraine's Fight for Freedom","10/12/2019"
"Holiday Secrets: Limited Series: Welcome Home","07/12/2019"
"A Christmas Special: Miraculous: Tales of Ladybug & Cat Noir","07/12/2019"
"Spanglish","06/12/2019"
"FYRE: The Greatest Party That Never Happened","29/11/2019"
"Chuck Norris vs. Communism","29/11/2019"
"Todo sobre el asado","25/11/2019"
"Lorena, Light-Footed Woman","25/11/2019"
"The Knight Before Christmas","23/11/2019"
"Solan og Ludvig: Jul i Flåklypa","21/11/2019"
"The Muppet Christmas Carol","16/11/2019"
"Greatest Events of WWII in Colour: Season 1: Blitzkrieg","15/11/2019"
"Paradise Beach","15/11/2019"
"The Shamer's Daughter","08/11/2019"
"The 101-Year-Old Man Who Skipped Out on the Bill and Disappeared","08/11/2019"
"Norbit","08/11/2019"
"ReMastered: Massacre at the Stadium","06/11/2019"
"Olsen-banden på de bonede gulve","04/11/2019"
"Friends: Season 1: The One with the East German Laundry Detergent","04/11/2019"
"Paddington","04/11/2019"
"Olsen Banden på dybt vand","04/11/2019"
"The Star","03/11/2019"
"Timmy Time: Season 1: Timmy Wants to Win / Timmy the Artist","03/11/2019"
"Les Misérables","02/11/2019"
"The Hook Up Plan: Season 1: The Sloppy Plan","01/11/2019"
"The Hook Up Plan: Season 1: The Secret Plan","01/11/2019"
"Dolemite Is My Name","29/10/2019"
"The Guardian Brothers","27/10/2019"
"The Croods","27/10/2019"
"Inside Bill's Brain: Decoding Bill Gates: Limited Series: Part 2","18/10/2019"
"The Laundromat","18/10/2019"
"Inside Bill's Brain: Decoding Bill Gates: Limited Series: Part 1","16/10/2019"
"Superlopez","11/10/2019"
"The Simpsons Movie","02/10/2019"
"The Chronicles of Narnia: The Voyage of the Dawn Treader","02/10/2019"
"The Losers","09/09/2019"
"Angels & Demons","09/09/2019"
"Sorry to Bother You","09/09/2019"
"Diagnosis: Season 1: Detective Work","08/09/2019"
"Dhanak","08/09/2019"
"The Man Who Knew Infinity","07/09/2019"
"The Adventures of Tintin","06/09/2019"
"The Pursuit of Happyness","04/09/2019"
"Chef's Table: Volume 6: Sean Brock","26/08/2019"
"When They See Us: Limited Series: Part One","23/08/2019"
"Instant Hotel: Season 2: Episode 1","22/08/2019"
"Workin' Moms: Season 1: Bad Help","18/08/2019"
"Workin' Moms: Season 1: Fem Card","18/08/2019"
"Workin' Moms: Season 1: Rules","18/08/2019"
"Workin' Moms: Season 1: Pilot","18/08/2019"
"The Beginning of Life: The Series: Season 1: Denied Childhood","18/08/2019"
"Chef","18/08/2019"
"Duck Duck Goose","17/08/2019"
"Father of Four - on a Wild Holiday","17/08/2019"
"Father of Four: The return of uncle Sofus","17/08/2019"
"Set It Up","16/08/2019"
"The Great Hack","16/08/2019"
"Timmy Time: Season 1: Timmy’s Jigsaw / Timmy’s Hiccup Cure","15/08/2019"
"Otherhood","15/08/2019"
"Chef's Table: Volume 5: Musa Dağdeviren","11/08/2019"
"Chef's Table: Volume 5: Cristina Martínez","11/08/2019"
"The Letdown: Season 2: One","11/08/2019"
"The Chefs' Line: Season 1: Vietnamese 1","09/08/2019"
"Dirty Money: Season 1: Payday","08/08/2019"
"Genius of the Modern World: Season 1: Marx","08/08/2019"
"Wine Country","03/08/2019"
"Klassefesten 2: Begravelsen","02/08/2019"
"Shaft","22/07/2019"
"Taco Chronicles: Volume 1: Pastor","16/07/2019"
"Orange Is the New Black: Season 4: (Don’t) Say Anything","12/07/2019"
"Street Food: Asia: Season 1: Bangkok, Thailand","07/07/2019"
"The Code: Season 2: Episode 1","07/07/2019"
"The World's Most Extraordinary Homes: Season 2 Part B: Spain","06/07/2019"
"Our Planet: Season 1: One Planet","03/07/2019"
"Yucatán","28/06/2019"
"Baby Geniuses","28/06/2019"
"Oprah Winfrey Presents: When They See Us Now","27/06/2019"
"The Americans: Season 6: The Great Patriotic War","24/06/2019"
"The Toys That Made Us: Season 2: LEGO","21/06/2019"
"The IT Crowd: Series 1: Yesterday's Jam","21/06/2019"
"Black Mirror: Bandersnatch","21/06/2019"
"Amazing Interiors: Season 1: House of Horrors, History House, House of Cars","21/06/2019"
"Chef's Table: Volume 6: Asma Khan","21/06/2019"
"Murder Mystery","20/06/2019"
"Chef's Table: France: Season 1: Michel Troisgros","09/06/2019"
"The Americans: Season 6: Mr. and Mrs. Teacup","07/06/2019"
"Chef's Table: Volume 6: Dario Cecchini","03/06/2019"
"Chef's Table: Volume 6: Mashama Bailey","03/06/2019"
"The Americans: Season 6: Urban Transport Planning","28/05/2019"
"The Americans: Season 6: Tchaikovsky","24/05/2019"
"Bodyguard: Season 1: Episode 3","21/05/2019"
"The Americans: Season 6: Dead Hand","20/05/2019"
"Tiny House Nation: Volume 1: Tiny Forever After","11/05/2019"
"Bodyguard: Season 1: Episode 2","06/05/2019"
"When Heroes Fly: Season 1: Resurrection","06/05/2019"
"Instant Hotel: Season 1: Episode 6","05/04/2019"
"Instant Hotel: Season 1: Episode 10","05/04/2019"
"Instant Hotel: Season 1: Episode 9","05/04/2019"
"Instant Hotel: Season 1: Episode 8","04/04/2019"
"Unfinished Business","29/03/2019"
"The Boy Who Harnessed the Wind","26/03/2019"
"The Final Year","16/03/2019"
"When Heroes Fly: Season 1: Roger and Out","09/03/2019"
"Instant Hotel: Season 1: Episode 7","07/03/2019"
"When Heroes Fly: Season 1: Pillar of Smoke","06/03/2019"
"Below Her Mouth","06/03/2019"
"Newness","06/03/2019"
" ","06/03/2019"
" ","06/03/2019"
"When Heroes Fly: Season 1: Tattooed","03/03/2019"
"Tidying Up with Marie Kondo: Season 1: Sparking Joy After a Loss","02/03/2019"
"Tidying Up with Marie Kondo: Season 1: The Downsizers","02/03/2019"
"Tidying Up with Marie Kondo: Season 1: Empty Nesters","02/03/2019"
"When Heroes Fly: Season 1: Noga","26/02/2019"
"Iqbal & den hemmelige opskrift","22/02/2019"
"When Heroes Fly: Season 1: Ashes to Ashes   ","15/02/2019"
"When Heroes Fly: Season 1: There's been an accident","15/02/2019"
"Carmen Sandiego: Season 1: Becoming Carmen Sandiego: Part I","09/02/2019"
"Sex Education: Season 1: Episode 2","06/02/2019"
"Concussion","06/02/2019"
"Friends with Benefits","06/02/2019"
"Two Night Stand","06/02/2019"
"No Strings Attached","06/02/2019"
"Sex Tape","06/02/2019"
"Always a Witch: Season 1: Ouija","06/02/2019"
"Always a Witch: Season 1: A University Witch","06/02/2019"
"Always a Witch: Season 1: A Leap in Time","06/02/2019"
"When Heroes Fly: Season 1: Ministering Angels","05/02/2019"
"When Heroes Fly: Season 1: The Pale Father","02/02/2019"
"Lusers","01/02/2019"
"When Heroes Fly: Season 1: HELP","28/01/2019"
"Instant Hotel: Season 1: Episode 5","27/01/2019"
"Instant Hotel: Season 1: Episode 3","22/01/2019"
"Yummy Mummies: Season 1: Episode 2","21/01/2019"
"Yummy Mummies: Season 1: Episode 1","21/01/2019"
"Instant Hotel: Season 1: Episode 4","19/01/2019"
"Sex Education: Season 1: Episode 1","14/01/2019"
"Anja og Viktor - brændende kærlighed","14/01/2019"
"Klovn Forever","13/01/2019"
"Flushed Away","12/01/2019"
"Tangled","12/01/2019"
"Instant Hotel: Season 1: Episode 2","11/01/2019"
"Instant Hotel: Season 1: Episode 1","08/01/2019"
"Lionheart","08/01/2019"
"Ellen DeGeneres: Relatable: Special: Relatable","08/01/2019"
"Modern Family: Season 1: Family Portrait","08/01/2019"
"Christiane Amanpour: Sex & Love Around the World: Season 1: Tokyo","06/01/2019"
"Nicky Jam: El Ganador: Season 1: Tell Me Daddy, We Arrived To The Choli","06/01/2019"
"Marseille: Season 2: Dominance","06/01/2019"
"Marseille: Season 2: Perjury","05/01/2019"
"Nicky Jam: El Ganador: Season 1: Isabel","05/01/2019"
"Nicky Jam: El Ganador: Season 1: The Fenix","04/01/2019"
"Nicky Jam: El Ganador: Season 1: Cold Turkey","04/01/2019"
"Orange Is the New Black: Season 4: Power Suit","03/01/2019"
"Tidying Up with Marie Kondo: Season 1: Tidying With Toddlers","03/01/2019"
"Nicky Jam: El Ganador: Season 1: Medellín","02/01/2019"
"Nicky Jam: El Ganador: Season 1: The Future Is Paisa","02/01/2019"
"Nicky Jam: El Ganador: Season 1: The Origin","02/01/2019"
"A Very Harold & Kumar Christmas","28/12/2018"
"A Christmas Prince: The Royal Wedding","28/12/2018"
"Nicky Jam: El Ganador: Season 1: Escante Life","28/12/2018"
"Christmas Inheritance","27/12/2018"
"Penn & Teller: Fool Us: Season 1: Pilot: How to Saw a Woman in Half","27/12/2018"
"Home Made Simple: Single Mom Learning to Let Go","27/12/2018"
"Home Made Simple: Learning Less Stuff Means More to Let Go","27/12/2018"
"Bird Box","25/12/2018"
"Nicky Jam: El Ganador: Season 1: The Infiltrated","21/12/2018"
"Nicky Jam: El Ganador: Season 1: In The Bed","20/12/2018"
"Nicky Jam: El Ganador: Season 1: With The Mic, And The 40 Caliber","20/12/2018"
"Nicky Jam: El Ganador: Season 1: Escape To New York","20/12/2018"
"Nicky Jam: El Ganador: Season 1: The Cangris","20/12/2018"
"Orange Is the New Black: Season 4: Work That Body for Me","19/12/2018"
"Baby Mama","19/12/2018"
"Gaga: Five Foot Two","17/12/2018"
"22 July","17/12/2018"
"The American Meme","17/12/2018"
"Home Made Simple: Military Dad's Chance for His Family","17/12/2018"
"Home Made Simple: Embracing Forty and Embracing Fabulousness","17/12/2018"
"Home Made Simple: It's Showtime for the Neighbors","17/12/2018"
"Home Made Simple: Teen Comic & Chance of a Lifetime","17/12/2018"
"Orange Is the New Black: Season 3: Trust No Bitch","15/12/2018"
"Trevor Noah: Son of Patricia","15/12/2018"
"Nothing to Hide","14/12/2018"
"The Ballad of Buster Scruggs","14/12/2018"
"Out of Many, One","12/12/2018"
"How the Universe Works: Season 2: The Furnaces of Life","11/12/2018"
"Orange Is the New Black: Season 3: Don’t Make Me Come Back There","10/12/2018"
"Mowgli: Legend of the Jungle","10/12/2018"
"Fred Claus","08/12/2018"
"Rumor Has It...","07/12/2018"
"Ibiza","04/12/2018"
"Brick Mansions","04/12/2018"
"Angela's Christmas","04/12/2018"
"Primal Fear","04/12/2018"
"Schindler's List","03/12/2018"
"The 15:17 to Paris","03/12/2018"
"The Beginning of Life: The Series: Season 1: Free to Learn","03/12/2018"
"Orange Is the New Black: Season 3: We Can Be Heroes","02/12/2018"
"48 Christmas Wishes","30/11/2018"
"Elf","30/11/2018"
"I'll Be Home for Christmas","30/11/2018"
"A Christmas Prince","30/11/2018"
"The Beginning of Life: The Series: Season 1: Becoming a Parent","30/11/2018"
"The Beginning of Life: The Series: Season 1: Fantastic Baby","30/11/2018"
"The Beginning of Life: The Series: Season 1: Emergence of the Self","30/11/2018"
"Orange Is the New Black: Season 3: A Tittin' and a Hairin'","29/11/2018"
"Consumed: Season 2: The Cutchey Family","29/11/2018"
"Consumed: Season 2: The Whitcher Family","29/11/2018"
"Consumed: Season 2: The Kerr Family","29/11/2018"
"The Princess Switch","28/11/2018"
"American Experience: Tesla","27/11/2018"
"Archer: Season 1: Pilot: Mole Hunt","27/11/2018"
"Office Christmas Party","26/11/2018"
"Queen of Katwe","26/11/2018"
"I Am Michael","26/11/2018"
"Pelé","26/11/2018"
"Amazing Interiors: Season 1: Chicago Cubs Cave, Aquarium House, The Love Boat","26/11/2018"
"Burnt","26/11/2018"
"Orange Is the New Black: Season 3: Where My Dreidel At","24/11/2018"
"The Tourist","24/11/2018"
"The Final Table: Season 1: Spain","23/11/2018"
"The Final Table: Season 1: Mexico","23/11/2018"
"Orange Is the New Black: Season 3: Fear, and Other Smells","22/11/2018"
"Fences","21/11/2018"
"Chef's Table: Volume 2: Alex Atala","21/11/2018"
"Chef's Table: Volume 2: Grant Achatz","21/11/2018"
"Chef's Table: Volume 3: Virgilio Martínez","21/11/2018"
"Father Figures","20/11/2018"
"Chef's Table: Volume 3: Tim Raue","20/11/2018"
"Chef's Table: Volume 4: Pastry: Will Goldfarb","20/11/2018"
"Chef's Table: Volume 4: Pastry: Jordi Roca","20/11/2018"
"Chef's Table: Volume 4: Pastry: Corrado Assenza","20/11/2018"
"Narcos: Mexico: Season 1: The Plaza System","19/11/2018"
"Narcos: Mexico: Season 1: Camelot","19/11/2018"
"Magic for Humans: Season 1: Express Yourself","17/11/2018"
"Magic for Humans: Season 1: Self Control","17/11/2018"
"Look Who's Talking","16/11/2018"
"Chef's Table: Volume 5: Albert Adrià","15/11/2018"
"Chef's Table: Volume 5: Bo Songvisava","14/11/2018"
"Chef's Table: Volume 1: Magnus Nilsson","14/11/2018"
"Chef's Table: Volume 1: Francis Mallmann","13/11/2018"
"Chef's Table: Volume 1: Ben Shewry","13/11/2018"
"Chef's Table: Volume 2: Gaggan Anand","13/11/2018"
"Chef's Table: Volume 2: Ana Roš","13/11/2018"
"Moana","13/11/2018"
"Chef's Table: Volume 2: Enrique Olvera","11/11/2018"
"Chef's Table: Volume 2: Dominique Crenn","11/11/2018"
"Orange Is the New Black: Season 3: Tongue-Tied","10/11/2018"
"Orange Is the New Black: Season 3: Ching Chong Chang","10/11/2018"
"Orange Is the New Black: Season 3: Fake It Till You Fake It Some More","09/11/2018"
"Bodyguard: Season 1: Episode 1","07/11/2018"
"Chef's Table: Volume 3: Ivan Orkin","06/11/2018"
"Chef's Table: Volume 3: Nancy Silverton","06/11/2018"
"Orange Is the New Black: Season 3: Finger in the Dyke","04/11/2018"
"Like Father","04/11/2018"
"The Letdown: Season 1: Cal-Exit","02/11/2018"
"The Letdown: Season 1: The Letdown","02/11/2018"
"Whitney: Can I Be Me","02/11/2018"
"Orange Is the New Black: Season 3: Empathy Is a Boner Killer","31/10/2018"
"Been So Long","31/10/2018"
"Ultimate Beastmaster: Survival of the Fittest: The Beast Evolves","30/10/2018"
"Magic for Humans: Season 1: Love","30/10/2018"
"Dot 2 Dot","29/10/2018"
"To Each, Her Own","29/10/2018"
"Never Let Me Go","29/10/2018"
"Orange Is the New Black: Season 3: Bed Bugs and Beyond","26/10/2018"
"Al Hayba: Season 1: Episode 1","26/10/2018"
"Chef's Table: Volume 3: Vladimir Mukhin","26/10/2018"
"Chef's Table: Volume 3: Jeong Kwan","26/10/2018"
"Orange Is the New Black: Season 3: Mother's Day","24/10/2018"
"Nappily Ever After","21/10/2018"
"Chef's Table: Volume 4: Pastry: Christina Tosi","21/10/2018"
"Operation Finale","17/10/2018"
"Salt Fat Acid Heat: Season 1: Heat","16/10/2018"
"Salt Fat Acid Heat: Season 1: Acid","15/10/2018"
"Magic for Humans: Season 1: Guilt Trip","15/10/2018"
"Magic for Humans: Season 1: Seeing Is Believing","15/10/2018"
"The Angel","12/10/2018"
"Orange Is the New Black: Season 2: We Have Manners. We're Polite.","09/10/2018"
"Orange Is the New Black: Season 2: It Was the Change","08/10/2018"
"Orange Is the New Black: Season 2: Take a Break From Your Values","07/10/2018"
"Orange Is the New Black: Season 2: Little Mustachioed Sh*t","06/10/2018"
"Dancing Queen: Season 1: Get to Werk!","06/10/2018"
"Sierra Burgess Is a Loser","05/10/2018"
"Brüno","05/10/2018"
"The Blind Side","05/10/2018"
"Explained: Season 1: The World's Water Crisis","03/10/2018"
"Orange Is the New Black: Season 2: 40 Oz. of Furlough","02/10/2018"
"Magic for Humans: Season 1: Terrifying Tech","01/10/2018"
"Cathedral of the Sea: Season 1: Episode 1","28/09/2018"
"Orange Is the New Black: Season 2: Appropriately Sized Pots","28/09/2018"
"Orange Is the New Black: Season 2: Comic Sans","27/09/2018"
"Explained: Season 1: Music","27/09/2018"
"Orange Is the New Black: Season 2: You Also Have a Pizza","26/09/2018"
"Orange Is the New Black: Season 2: Low Self Esteem City","26/09/2018"
"Masterminds","23/09/2018"
"Next Gen","21/09/2018"
"Babies Behind Bars","19/09/2018"
"Orange Is the New Black: Season 2: A Whole Other Hole","12/09/2018"
"Orange Is the New Black: Season 2: Hugs Can Be Deceiving","11/09/2018"
"Orange Is the New Black: Season 2: Looks Blue, Tastes Red","10/09/2018"
"Orange Is the New Black: Season 2: Thirsty Bird","30/08/2018"
"Orange Is the New Black: Season 1: Can't Fix Crazy","29/08/2018"
"Orange Is the New Black: Season 1: Fool Me Once","28/08/2018"
"Orange Is the New Black: Season 1: Tall Men with Feelings","27/08/2018"
"Orange Is the New Black: Season 1: Bora Bora Bora","26/08/2018"
"Orange Is the New Black: Season 1: F*cksgiving","25/08/2018"
"Insatiable: Season 1: Pilot","25/08/2018"
"Rip Tide","24/08/2018"
"Garfield: The Movie","23/08/2018"
"Orange Is the New Black: Season 1: Moscow Mule","21/08/2018"
"Orange Is the New Black: Season 1: Blood Donut","21/08/2018"
"Orange Is the New Black: Season 1: WAC Pack","17/08/2018"
"Orange Is the New Black: Season 1: The Chickening","16/08/2018"
"Orange Is the New Black: Season 1: Imaginary Enemies","15/08/2018"
"Orange Is the New Black: Season 1: Lesbian Request Denied","14/08/2018"
"The Dictator","12/08/2018"
"Jessica Darling's It List","11/08/2018"
"Zapped","09/08/2018"
"Orange Is the New Black: Season 1: Tit Punch","06/08/2018"
"Orange Is the New Black: Season 1: I Wasn't Ready","05/08/2018"
"Safe: Season 1: Episode 1","05/08/2018"
"Father of the Year","04/08/2018"
"Fauda: Season 2: Episode 12","02/08/2018"
"Fauda: Season 2: Episode 11","01/08/2018"
"Fauda: Season 2: Episode 10","31/07/2018"
"Fauda: Season 2: Episode 9","30/07/2018"
"Fauda: Season 2: Episode 8","27/07/2018"
"This Is 40","25/07/2018"
"New Year's Eve","24/07/2018"
"Fauda: Season 2: Episode 7","14/07/2018"
"Fauda: Season 2: Episode 6","14/07/2018"
"Nerve","13/07/2018"
"Jobs","13/07/2018"
"The Letdown: Season 1: Mother Nature","11/07/2018"
"Once Upon a Time in Venice","29/06/2018"
"LEGO House - Home of the Brick","29/06/2018"
"Fauda: Season 2: Episode 5","28/06/2018"
"Fauda: Season 2: Episode 4","28/06/2018"
"The Letdown: Season 1: Super Mum","26/06/2018"
"The Letdown: Season 1: Trivial Pursuits","26/06/2018"
"Fauda: Season 2: Episode 3","24/06/2018"
"The Letdown: Season 1: Genealogy","20/06/2018"
"Fauda: Season 2: Episode 2","19/06/2018"
"Fauda: Season 2: Episode 1","19/06/2018"
"The Letdown: Season 1: Frankenstein","18/06/2018"
"Ali's Wedding","15/06/2018"
"Krummerne","09/06/2018"
"Pirates of the Caribbean: On Stranger Tides","09/06/2018"
"The Rain: Season 1: Stay Inside","04/06/2018"
"The Americans: Season 5: The Soviet Division","30/05/2018"
"The Americans: Season 5: Dyatkovo","30/05/2018"
"The Americans: Season 5: The World Council of Churches","29/05/2018"
"The Americans: Season 5: Darkroom","27/05/2018"
"The Americans: Season 5: IHOP","25/05/2018"
"Money Monster","18/05/2018"
"The Americans: Season 5: Immersion","17/05/2018"
"The Americans: Season 5: The Committee on Human Rights","17/05/2018"
"The Americans: Season 5: Crossbreed","16/05/2018"
"Anon","13/05/2018"
"Tower Heist","13/05/2018"
"The Americans: Season 5: Lotus 1-2-3","12/05/2018"
"The Americans: Season 5: What's the Matter with Kansas?","06/05/2018"
"The Beach","06/05/2018"
"I Am Not an Easy Man","04/05/2018"
"The Americans: Season 5: The Midges","02/05/2018"
"The Americans: Season 5: Pests","30/04/2018"
"The Americans: Season 5: Amber Waves","29/04/2018"
"Soy Luna: Season 1: Episode 5","29/04/2018"
"A Series of Unfortunate Events: Season 1: The Bad Beginning: Part Two","27/04/2018"
"A Series of Unfortunate Events: Season 1: The Bad Beginning: Part One","27/04/2018"
"The Americans: Season 4: Persona Non Grata","25/04/2018"
"The Boss Baby: Back in Business: Season 1: The Boss Babysitter","21/04/2018"
"The Boss Baby: Back in Business: Season 1: The Constipation Situation","21/04/2018"
"The Boss Baby: Back in Business: Season 1: Monster Machine","21/04/2018"
"The Boss Baby: Back in Business: Season 1: Formula for Menace:  A Dekker Moonboots Mystery","21/04/2018"
"The Boss Baby: Back in Business: Season 1: Family Fun Night","21/04/2018"
"The Boss Baby: Back in Business: Season 1: Cat's in the Cradle","21/04/2018"
"The Boss Baby: Back in Business: Season 1: Scooter Buskie","21/04/2018"
"The Americans: Season 4: A Roy Rogers in Franconia","18/04/2018"
"The Americans: Season 4: Dinner for Seven","17/04/2018"
"The Americans: Season 4: Munchkins","15/04/2018"
"The Angry Birds Movie","13/04/2018"
"The Americans: Season 4: The Day After","12/04/2018"
"The Americans: Season 4: Travel Agents","12/04/2018"
"Benji","10/04/2018"
"Alexa & Katie: Part 1: Winter Formal, Part 2","09/04/2018"
"Alexa & Katie: Part 1: Winter Formal, Part 1","08/04/2018"
"Alexa & Katie: Part 1: Secret Sleepover","08/04/2018"
"Alexa & Katie: Part 1: Thanksgiving","08/04/2018"
"Alexa & Katie: Part 1: Winter Luau","08/04/2018"
"Alexa & Katie: Part 1: Support Group","08/04/2018"
"Alexa & Katie: Part 1: The Play, Part 2","08/04/2018"
"Alexa & Katie: Part 1: Picture Day","05/04/2018"
"Alexa & Katie: Part 1: The Play, Part 1","05/04/2018"
"Alexa & Katie: Part 1: Ungroundable","05/04/2018"
"Alexa & Katie: Part 1: Basketball","05/04/2018"
"Alexa & Katie: Part 1: Wigs","05/04/2018"
"Alexa & Katie: Part 1: Bad Hair Day","05/04/2018"
"The Americans: Season 4: The Magic of David Copperfield V: The Statue of Liberty Disappears","03/04/2018"
"Netflix Acquires Seth Rogen","01/04/2018"
"New York Minute","31/03/2018"
"The Americans: Season 4: The Rat","26/03/2018"
"The Americans: Season 4: Clark's Place","24/03/2018"
"Ricky Gervais: Humanity","24/03/2018"
"Just Wright","24/03/2018"
"Nailed It!: Season 1: First Date to Life Mate","24/03/2018"
"Wild Wild Country: Season 1: Part 1","24/03/2018"
"The Americans: Season 4: Chloramphenicol","23/03/2018"
"Life as We Know It","23/03/2018"
"The Americans: Season 4: Experimental Prototype City of Tomorrow","22/03/2018"
"The Americans: Season 4: Pastor Tim","21/03/2018"
"The Americans: Season 4: Glanders","20/03/2018"
"The Americans: Season 3: March 8, 1983","18/03/2018"
"The Americans: Season 3: I Am Abassin Zadran","18/03/2018"
"Hannibal Takes Edinburgh","17/03/2018"
"The Americans: Season 3: One Day in the Life of Anton Baklanov","14/03/2018"
"The Americans: Season 3: Stingers","13/03/2018"
"The Accountant","10/03/2018"
"The Americans: Season 3: Do Mail Robots Dream of Electric Sheep?","08/03/2018"
"The Americans: Season 3: Divestment","06/03/2018"
"Abstract: The Art of Design: Season 1: Christoph Niemann: Illustration","05/03/2018"
"The Americans: Season 3: Walter Taffet","04/03/2018"
"Ugly Delicious: Season 1: Pizza","02/03/2018"
"The Americans: Season 3: Born Again","02/03/2018"
"Law Abiding Citizen","02/03/2018"
"Dirty Money: Season 1: Hard NOx","28/02/2018"
"Johnny English Reborn","28/02/2018"
"Shaun the Sheep Movie","26/02/2018"
"Irreplaceable You","24/02/2018"
"Seven Seconds: Season 1: Pilot","24/02/2018"
"Free Rein: Season 1: Raven","22/02/2018"
"Ramona and Beezus","21/02/2018"
"The Great Gilly Hopkins","20/02/2018"
"Sune i fjällen","20/02/2018"
"Olaf's Frozen Adventure","19/02/2018"
"The Americans: Season 3: Salang Pass","18/02/2018"
"Mr Bean's Holiday","18/02/2018"
"The Americans: Season 3: Dimebag","16/02/2018"
"The Americans: Season 3: Open House","12/02/2018"
"The Americans: Season 3: Baggage","11/02/2018"
"The Americans: Season 3: EST Men","04/02/2018"
"The Americans: Season 2: Echo","04/02/2018"
"The Americans: Season 2: Operation Chronicle","01/02/2018"
"Lost City of Z","01/02/2018"
"The Americans: Season 2: Stealth","31/01/2018"
"The Americans: Season 2: Yousaf","30/01/2018"
"Dynasty: Season 1: I Hardly Recognized You","30/01/2018"
"The Wedding Party","28/01/2018"
"The Americans: Season 2: Martial Eagle","26/01/2018"
"The Americans: Season 2: New Car","26/01/2018"
"The Meyerowitz Stories (New and Selected)","26/01/2018"
"Brotherly Love","26/01/2018"
"The Get Down: Part 1: Where There Is Ruin, There Is Hope for a Treasure","26/01/2018"
"We Speak Dance: Season 1: Paris","26/01/2018"
"A 2nd Chance","24/01/2018"
"Frozen Fever","24/01/2018"
"The Secret","24/01/2018"
"Dreamer","23/01/2018"
"Step Sisters","22/01/2018"
"The Americans: Season 2: Arpanet","21/01/2018"
"The True Cost","21/01/2018"
"The Saint","20/01/2018"
"The Constant Gardener","20/01/2018"
"Elsa & Fred","20/01/2018"
"The Americans: Season 2: Behind the Red Door","18/01/2018"
"Get Rich or Die Tryin'","18/01/2018"
"Stomp the Yard","18/01/2018"
"All That Matters Is Past","18/01/2018"
"The Next Three Days","18/01/2018"
"Sand Storm","18/01/2018"
"Coach Carter","18/01/2018"
"Gridiron Gang","18/01/2018"
"The Americans: Season 2: The Deal","17/01/2018"
"Percentage","17/01/2018"
"Imperial Dreams","17/01/2018"
"The Americans: Season 2: A Little Night Music","16/01/2018"
"The Americans: Season 2: The Walk In","16/01/2018"
"Concussion","16/01/2018"
"Sommersby","16/01/2018"
"Beasts of No Nation","15/01/2018"
"12 Years a Slave","15/01/2018"
"Clair Obscur","15/01/2018"
"Step Up","15/01/2018"
"The Americans: Season 2: Cardinal","10/01/2018"
"1 Chance 2 Dance","10/01/2018"
"The African Doctor","10/01/2018"
"You Can’t Fight Christmas","10/01/2018"
"The Americans: Season 2: Comrades","09/01/2018"
"Mudbound","09/01/2018"
"Septembers of Shiraz","08/01/2018"
"He Named Me Malala","07/01/2018"
"The Frozen Dead: Season 1: Episode 1","07/01/2018"
"A Hijacking","05/01/2018"
"Glory Road","05/01/2018"
"First They Killed My Father","05/01/2018"
"Faster","04/01/2018"
"The Americans: Season 1: The Colonel","04/01/2018"
"Olympus Has Fallen","03/01/2018"
"The Marine","03/01/2018"
"The Americans: Season 1: The Oath","02/01/2018"
"Palm Trees in the Snow","02/01/2018"
"Perfect Stranger","02/01/2018"
"Scent of a Woman","02/01/2018"
"I'm in Love with a Church Girl","02/01/2018"
"Given","27/12/2017"
"Liar's Dice","27/12/2017"
"Playing for Time","22/12/2017"
"Transporter 3","22/12/2017"
"Falcon Rising","21/12/2017"
"Chaos","21/12/2017"
"Crank","20/12/2017"
"THE MECHANIC","19/12/2017"
"The Mothman Prophecies","19/12/2017"
"The Americans: Season 1: Covert War","18/12/2017"
"The Kingdom","18/12/2017"
"Niko 2: Little Brother, Big Trouble","15/12/2017"
"A Beautiful Mind","15/12/2017"
"Southside with You","15/12/2017"
"Aquarius: Season 1: The Hunter Gets Captured by the Game","15/12/2017"
"MINDHUNTER: Season 1: Episode 1","15/12/2017"
"The Story of God with Morgan Freeman: Season 1: Apocalypse","14/12/2017"
"The Story of God with Morgan Freeman: Season 1: Beyond Death","14/12/2017"
"World War II in Colour: Lightning War","07/12/2017"
"The Americans: Season 1: Only You","03/12/2017"
"Perú: Tesoro escondido","02/12/2017"
"Cuba and the Cameraman","28/11/2017"
"The Americans: Season 1: Safe House","25/11/2017"
"The Americans: Season 1: Mutually Assured Destruction","23/11/2017"
"Alice Through the Looking Glass","17/11/2017"
"The Jungle Book (2016)","12/11/2017"
"6 Days","10/11/2017"
"The Americans: Season 1: Duty and Honor","08/11/2017"
"The Americans: Season 1: Trust Me","07/11/2017"
"The Americans: Season 1: COMINT","05/11/2017"
"Under the Sun","27/10/2017"
"Kandidaten","27/10/2017"
"In Order of Disappearance","27/10/2017"
"War Machine","27/10/2017"
"World War II in Colour: The Gathering Storm","27/10/2017"
"The Americans: Season 1: In Control","26/10/2017"
"Operation Arctic","22/10/2017"
"The Late Bloomer","21/10/2017"
"Barakah Meets Barakah","21/10/2017"
"The Americans: Season 1: Gregory","19/10/2017"
"The Americans: Season 1: The Clock","18/10/2017"
"The Americans: Season 1: Pilot","16/10/2017"
"Suburra: Blood on Rome: Season 1: 21 Days","14/10/2017"
"Hotel Transylvania 2","10/10/2017"
"Narcos: Season 3: Going Back to Cali","01/10/2017"
"Narcos: Season 3: Todos Los Hombres del Presidente","25/09/2017"
"Narcos: Season 3: Convivir","22/09/2017"
"Narcos: Season 3: Sin Salida","19/09/2017"
"Narcos: Season 3: Best Laid Plans","18/09/2017"
"Narcos: Season 3: MRO","14/09/2017"
"Narcos: Season 3: Checkmate","11/09/2017"
"White Collar: Season 1: Pilot","09/09/2017"
"Spy Time","09/09/2017"
"Narcos: Season 3: Follow the Money","08/09/2017"
"Narcos: Season 3: The Cali KGB","06/09/2017"
"Sully","05/09/2017"
"Narcos: Season 3: The Kingpin Strategy","04/09/2017"
"To the Bone","04/09/2017"
"Master of None: Season 1: Ladies and Gentlemen","04/09/2017"
"Sweden Is Fantastic","02/09/2017"
"Freedom on parole","02/09/2017"
"Around The World In 80 Days","01/09/2017"
"After the Wedding","24/08/2017"
"Chocolate City: Vegas Strip","24/08/2017"
"10 jours en or","24/08/2017"
"Frida","24/08/2017"
"Diana","24/08/2017"
"The Hangover","23/08/2017"
"Lynne Koplitz: Hormonal Beast","23/08/2017"
"We're No Animals","22/08/2017"
"Naked","22/08/2017"
"Bring It On","19/08/2017"
"Dance-Off","16/08/2017"
"The Barkley Marathons: The Race That Eats Its Young","14/08/2017"
"Message from the King","12/08/2017"
"Handsome Devil","08/08/2017"
"La Vie en Rose","08/08/2017"
"Wet Hot American Summer: Ten Years Later: Limited Series: Softball","06/08/2017"
"Wet Hot American Summer: Ten Years Later: Limited Series: Reunion","06/08/2017"
"Allende","20/07/2017"
"No Filter","20/07/2017"
"Save the Last Dance","18/07/2017"
"Master of None: Season 2: Buona Notte","15/07/2017"
"Master of None: Season 2: Amarsi Un Po","15/07/2017"
"Master of None: Season 2: Thanksgiving","12/07/2017"
"Master of None: Season 2: Door #3","11/07/2017"
"Embarazados","09/07/2017"
"Player","07/07/2017"
"All for Two","07/07/2017"
"Master of None: Season 2: New York, I Love You","06/07/2017"
"Master of None: Season 2: The Dinner Party","05/07/2017"
"Master of None: Season 2: First Date","04/07/2017"
"Black Snow","29/06/2017"
"Master of None: Season 2: Religion","26/06/2017"
"Master of None: Season 2: Le Nozze","25/06/2017"
"Master of None: Season 2: The Thief","22/06/2017"
"Master of None: Season 1: Finale","21/06/2017"
"Master of None: Season 1: Mornings","19/06/2017"
"Master of None: Season 1: Old People","16/06/2017"
"The Do-Over","10/06/2017"
"Master of None: Season 1: Nashville","08/06/2017"
"Master of None: Season 1: The Other Man","06/06/2017"
"Master of None: Season 1: Indians on TV","03/06/2017"
"Legends of Valhalla: Thor","02/06/2017"
"Walt Before Mickey","02/06/2017"
"Hugo","02/06/2017"
"The Adventure Club","02/06/2017"
"The Polar Express","02/06/2017"
"Mirror Mirror","02/06/2017"
"Mr. Popper's Penguins","02/06/2017"
"Sandy Wexler","02/06/2017"
"Master of None: Season 1: Hot Ticket","24/05/2017"
"He Even Has Your Eyes","23/05/2017"
"Master of None: Season 1: Parents","22/05/2017"
"Madagascar 3: Europe's Most Wanted","19/05/2017"
"Master of None: Season 1: Plan B","16/05/2017"
"The Investigator: A British Crime Story: Season 1: Episode 1","16/05/2017"
"Secrets of Her Majesty's Secret Service","14/05/2017"
"Hotel Beau Séjour: Season 1: The Night","09/05/2017"
"Hotel Beau Séjour: Season 1: The Confession","09/05/2017"
"Hotel Beau Séjour: Season 1: The Massland Murders","08/05/2017"
"Hotel Beau Séjour: Season 1: The Film","07/05/2017"
"Hotel Beau Séjour: Season 1: The Wedding","02/05/2017"
"Hotel Beau Séjour: Season 1: Full Moon","01/05/2017"
"Hotel Beau Séjour: Season 1: The Opening","01/05/2017"
"The Pirates! Band of Misfits","29/04/2017"
"We Bought a Zoo","29/04/2017"
"Lift Me Up","29/04/2017"
"Karlas Kabale","29/04/2017"
"Max","29/04/2017"
"Paul Blart: Mall Cop","29/04/2017"
"Karla and Jonas","29/04/2017"
"The Goonies","29/04/2017"
"Black Beauty","29/04/2017"
"The Karate Kid","29/04/2017"
"Little Boxes","26/04/2017"
"You Will Meet a Tall Dark Stranger","21/04/2017"
"Slam","18/04/2017"
"Cloudy with a Chance of Meatballs","17/04/2017"
"Love Is All You Need","12/04/2017"
"The November Man","12/04/2017"
"Morris from America","11/04/2017"
"Men in Black 3","11/04/2017"
"Unbreakable Kimmy Schmidt: Season 1: Kimmy Goes Outside!","11/04/2017"
"Playing It Cool","09/04/2017"
"Heart of a Lion","09/04/2017"
"The Adventures of Tintin: Season 1: The Crab with the Golden Claws: Part 1","08/04/2017"
"Hotel Beau Séjour: Season 1: The Medium","31/03/2017"
"Electricity","29/03/2017"
"Mr. Morgan's Last Love","29/03/2017"
"Stepmom","29/03/2017"
"Hotel Beau Séjour: Season 1: The Five","27/03/2017"
"100 Meters","26/03/2017"
"Chaos Theory","25/03/2017"
"Hotel Beau Séjour: Season 1: The Body","23/03/2017"
"Roman Empire: Commodus: Reign of Blood: The Making of an Emperor","20/03/2017"
"Sustainable","16/03/2017"
"Roman Empire: Commodus: Reign of Blood: Born in the Purple","14/03/2017"
"Big Daddy","14/03/2017"
"The Lava Field: Season 1: Episode 2","13/03/2017"
"American History X","13/03/2017"
"Everybody Leaves","12/03/2017"
"The Lava Field: Season 1: Episode 1","11/03/2017"
"Varg Veum: Season 1: Varg Veum - Bitre blomster","11/03/2017"
"Maria Lang: Crimes of Passion: Collection 1: Mördaren ljuger inte ensam","11/03/2017"
"Fjällbackamorden: Season 1: Tyskungen","11/03/2017"
"Happy Valley: Series 1: Episode 1","08/03/2017"
"Fauda: Season 1: Episode 12","05/03/2017"
"Fauda: Season 1: Episode 11","03/03/2017"
"Fauda: Season 1: Episode 9","03/03/2017"
"Fauda: Season 1: Episode 10","03/03/2017"
"Fauda: Season 1: Episode 8","02/03/2017"
"Fauda: Season 1: Episode 7","01/03/2017"
"Fauda: Season 1: Episode 6","27/02/2017"
"Fauda: Season 1: Episode 5","27/02/2017"
"I Don't Feel at Home in This World Anymore","27/02/2017"
"Juana Inés: Season 1: Hold the Hand","26/02/2017"
"Fauda: Season 1: Episode 4","22/02/2017"
"Juana Inés: Season 1: Divine Lysi","19/02/2017"
"Today's Special","18/02/2017"
"Fauda: Season 1: Episode 3","16/02/2017"
"Juana Inés: Season 1: This Lovely Torture","16/02/2017"
"Juana Inés: Season 1: Black Tears from My Pen","16/02/2017"
"Fauda: Season 1: Episode 2","15/02/2017"
"Fauda: Season 1: Episode 1","13/02/2017"
"Juana Inés: Season 1: There Is No Confinement for the Soul","13/02/2017"
"Juana Inés: Season 1: At Least Look Unto Me","13/02/2017"
"Journey to Greenland","12/02/2017"
"Miss Fisher's Murder Mysteries: Series 1: Cocaine Blues","04/02/2017"
"The Propaganda Game","03/02/2017"
"City 40","03/02/2017"
"iBOY","02/02/2017"
"Northwest","01/02/2017"
"Freelancers","31/01/2017"
"From Dusk Till Dawn","31/01/2017"
"Escape","31/01/2017"
"What's the Worst That Could Happen?","29/01/2017"
"I Am Legend","29/01/2017"
"The Last Patrol","28/01/2017"
"Special Correspondents","27/01/2017"
"Off Course","24/01/2017"
"Anja efter Viktor - Kærlighed ved første hik 3","22/01/2017"
"Easy: Season 1: Hop Dreams","21/01/2017"
"Easy: Season 1: Chemistry Read","20/01/2017"
"Easy: Season 1: Utopia","20/01/2017"
"Easy: Season 1: Art and Life","19/01/2017"
"Easy: Season 1: Controlada","16/01/2017"
"Clinical","16/01/2017"
"Elementary: Season 1: Snow Angels","15/01/2017"
"Easy: Season 1: Brewery Brothers","11/01/2017"
"The Stolen Years","10/01/2017"
"The Ultimate Guide To Penny Pinching","10/01/2017"
"Searching for Bobby Fischer","10/01/2017"
"Jen Kirkman: Just Keep Livin’?","10/01/2017"
"True Memoirs of an International Assassin","07/01/2017"
"How to Be Single","06/01/2017"
"Easy: Season 1: Vegan Cinderella","05/01/2017"
"Easy: Season 1: The F**king Study","05/01/2017"
"Dead Man Down","02/01/2017"
"Designated Survivor: Season 1: The Enemy","22/12/2016"
"Designated Survivor: Season 1: The Confession","21/12/2016"
"Designated Survivor: Season 1: The First Day","21/12/2016"
"Designated Survivor: Season 1: Pilot","19/12/2016"
"Barry","16/12/2016"
"Lord of War","15/12/2016"
"The Hot Chick","15/12/2016"
"Anger Management","15/12/2016"
"10 Things I Hate About You","15/12/2016"
"The Sicilian Girl","15/12/2016"
"Marcella: Season 1: Episode 8","11/12/2016"
"Marcella: Season 1: Episode 7","11/12/2016"
"Marcella: Season 1: Episode 6","10/12/2016"
"Other People","10/12/2016"
"Marcella: Season 1: Episode 5","09/12/2016"
"Marcella: Season 1: Episode 4","08/12/2016"
"Marcella: Season 1: Episode 3","07/12/2016"
"Marcella: Season 1: Episode 2","06/12/2016"
"Spanish Affair 2","03/12/2016"
"The Big Short","03/12/2016"
"Lovesick: Season 1: Abigail","02/12/2016"
"Marcella: Season 1: Episode 1","01/12/2016"
"Broadchurch: Season 2: Episode 8","28/11/2016"
"Broadchurch: Season 2: Episode 7","24/11/2016"
"Broadchurch: Season 2: Episode 6","23/11/2016"
"Broadchurch: Season 2: Episode 5","22/11/2016"
"Violetta: Season 2: Episode 1","22/11/2016"
"Broadchurch: Season 2: Episode 4","17/11/2016"
"Broadchurch: Season 2: Episode 3","15/11/2016"
"Broadchurch: Season 2: Episode 2","14/11/2016"
"Broadchurch: Season 2: Episode 1","13/11/2016"
"St. Vincent","11/11/2016"
"Grand Hotel: Season 1: Part 2","10/11/2016"
"Grand Hotel: Season 1: Part 1","06/11/2016"
"MI-5","28/10/2016"
"Blind Date","23/10/2016"
"Narcos: Season 2: Al Fin Cayó!","22/10/2016"
"Narcos: Season 2: Nuestra Finca","21/10/2016"
"Like Water for Chocolate","19/10/2016"
"Baba","19/10/2016"
"Gandhi","19/10/2016"
"The Ouija Experiment","19/10/2016"
"Losing Isaiah","19/10/2016"
"Message in a Bottle","19/10/2016"
"Narcos: Season 2: Exit El Patrón","18/10/2016"
"Narcos: Season 2: Deutschland 93","18/10/2016"
"Narcos: Season 2: Los Pepes","17/10/2016"
"Narcos: Season 2: The Enemies of My Enemy","11/10/2016"
"Narcos: Season 2: The Good, The Bad, and The Dead","11/10/2016"
"Funny or Die Presents: Donald Trump's The Art of the Deal: The Movie","01/10/2016"
"Kung Fu Panda","29/09/2016"
"Narcos: Season 2: Our Man in Madrid","21/09/2016"
"Narcos: Season 2: Cambalache","17/09/2016"
"Narcos: Season 2: Free at Last","14/09/2016"
"Waffle Street","13/09/2016"
"Thorne: Scaredy Cat","06/09/2016"
"A Teacher","04/09/2016"
"Salmon Fishing in the Yemen","03/09/2016"
"The Intern","01/09/2016"
"Winter Passing","24/08/2016"
"Haywire","24/08/2016"
"Good Luck Charlie: Season 1: Study Date","21/08/2016"
"Camp Rock","20/08/2016"
"The Other Guys","10/08/2016"
"Brahman Naman","10/08/2016"
"Margin Call","10/08/2016"
"The Man in the Wall","04/08/2016"
"Ali Wong: Baby Cobra","30/07/2016"
"The Numbers Station","27/07/2016"
"The Man from U.N.C.L.E.","27/07/2016"
"The Pleasure of Your Company","01/07/2016"
"Tokarev","29/06/2016"
"The Double","29/06/2016"
"Elementary: Season 1: Déjà Vu All Over Again","26/06/2016"
"Outlander: Season 1: Sassenach","26/06/2016"
"Suburban Girl","21/06/2016"
"Are You Here","18/06/2016"
"Traitor","08/06/2016"
"4th Man Out","02/06/2016"
"Black Sails: Season 1: I","31/05/2016"
"What Maisie Knew","27/05/2016"
"Elementary: Season 1: Possibility Two","25/05/2016"
"Elementary: Season 3: Enough Nemesis to Go Around","25/05/2016"
"The Notebook","25/05/2016"
"Marseille: Season 1: The Final Battle","24/05/2016"
"Marseille: Season 1: Voted","24/05/2016"
"Midnight in Paris","24/05/2016"
"A Few Best Men","24/05/2016"
"Magic Mike XXL","23/05/2016"
"Marseille: Season 1: Liberty, Equality, without Pity","22/05/2016"
"100 Women","21/05/2016"
"Marseille: Season 1: Face-off","19/05/2016"
"Marseille: Season 1: Straw Man","19/05/2016"
"In Your Eyes","19/05/2016"
"Marseille: Season 1: Intox (Brainwashing)","18/05/2016"
"Marseille: Season 1: Crocodile","18/05/2016"
"Thanks for Sharing","13/05/2016"
"Marseille: Season 1: 20 Years","11/05/2016"
"Firewall","04/05/2016"
"Bordertown","27/04/2016"
"The Team: Season 1: Episode 2","26/04/2016"
"The Team: Season 1: Episode 1","26/04/2016"
"Burlesque","25/04/2016"
"Kung Fu Panda 2","24/04/2016"
"Dinner for Schmucks","23/04/2016"
"The Details","23/04/2016"
"The truth about men","23/04/2016"
"The Sum of All Fears","21/04/2016"
"Colombiana","19/04/2016"
"Love: Season 1: It Begins","19/04/2016"
"The Cobbler","18/04/2016"
"The Code: Season 1: Episode 6","17/04/2016"
"Mission: Impossible III","16/04/2016"
"Point Blank","16/04/2016"
"The Company Men","16/04/2016"
"21 Days Under the Sky","16/04/2016"
"The House of the Devil","16/04/2016"
"The Code: Season 1: Episode 5","14/04/2016"
"The Code: Season 1: Episode 4","13/04/2016"
"Elementary: Season 1: Details","07/04/2016"
"Killer Elite","02/04/2016"
"The Code: Season 1: Episode 3","31/03/2016"
"The Code: Season 1: Episode 2","29/03/2016"
"The Code: Season 1: Episode 1","17/03/2016"
"Hanna","15/03/2016"
"Modern Family: Season 1: Hawaii","14/03/2016"
"It's Now or Never","13/03/2016"
"Modern Family: Season 1: Airport 2010","11/03/2016"
"Modern Family: Season 1: Travels with Scout","11/03/2016"
"Modern Family: Season 1: Benched","11/03/2016"
"Modern Family: Season 1: Game Changer","11/03/2016"
"Modern Family: Season 1: Starry Night","11/03/2016"
"Modern Family: Season 1: Truth Be Told","11/03/2016"
"Modern Family: Season 1: Fears","11/03/2016"
"Modern Family: Season 1: My Funky Valentine","11/03/2016"
"Modern Family: Season 1: Moon Landing","11/03/2016"
"Modern Family: Season 1: Fifteen Percent","11/03/2016"
"Modern Family: Season 1: Not in My House","11/03/2016"
"Modern Family: Season 1: Up All Night","11/03/2016"
"Modern Family: Season 1: Undeck the Halls","11/03/2016"
"The Heavy Water War: Season 1: Episode 6","10/03/2016"
"Modern Family: Season 1: Fizbo","10/03/2016"
"The Heavy Water War: Season 1: Episode 5","09/03/2016"
"Modern Family: Season 1: Great Expectations","09/03/2016"
"The Heavy Water War: Season 1: Episode 4","08/03/2016"
"The 100-Year-Old Man Who Climbed Out of the Window and Disappeared","05/03/2016"
"Eagle Eye","02/03/2016"
"The Heavy Water War: Season 1: Episode 3","28/02/2016"
"Top Gear: Series 17: Episode 1","27/02/2016"
"The Heavy Water War: Season 1: Episode 2","24/02/2016"
"The Client List","24/02/2016"
"Manhattan Romance","23/02/2016"
"Los tiempos de Pablo Escobar: Season 1: Episode 1","22/02/2016"
"The Heavy Water War: Season 1: Episode 1","21/02/2016"
"Premonition","20/02/2016"
"Death in Buenos Aires","19/02/2016"
"Hector and the Search for Happiness","17/02/2016"
"Horton Hears a Who!","14/02/2016"
"River: Season 1: Finale: Episode 6","10/02/2016"
"Modern Family: Season 1: En Garde","10/02/2016"
"Modern Family: Season 1: Run for Your Wife","10/02/2016"
"Modern Family: Season 1: Coal Digger","10/02/2016"
"River: Season 1: Episode 5","07/02/2016"
"Chef's Table: Volume 1: Niki Nakayama","07/02/2016"
"French Dirty","06/02/2016"
"Excuse Me","06/02/2016"
"Once Upon a Time in Phuket","06/02/2016"
"Frozen","06/02/2016"
"Chelsea Does: Season 1: Chelsea Does Racism","05/02/2016"
"Chelsea Does: Season 1: Chelsea Does Silicon Valley","05/02/2016"
"Chelsea Does: Season 1: Chelsea Does Marriage","05/02/2016"
"River: Season 1: Episode 4","04/02/2016"
"River: Season 1: Episode 3","01/02/2016"
"Das Boot: Theatrical Cut","29/01/2016"
"Salt","29/01/2016"
"River: Season 1: Episode 2","28/01/2016"
"Jiro Dreams of Sushi","28/01/2016"
"Chef's Table: Volume 1: Dan Barber","28/01/2016"
"Chef's Table: Volume 1: Massimo Bottura","27/01/2016"
"A Gang Story","27/01/2016"
"River: Season 1: Episode 1","26/01/2016"
"Rosewater","26/01/2016"
"Usain Bolt: The Fastest Man Alive","26/01/2016"
"Seven Wonders of the Industrial World: The Great Ship","25/01/2016"
"Broadchurch: Season 1: Episode 8","24/01/2016"
"Broadchurch: Season 1: Episode 7","23/01/2016"
"Get the Gringo","22/01/2016"
"Broadchurch: Season 1: Episode 6","21/01/2016"
"Broadchurch: Season 1: Episode 5","19/01/2016"
"ID:A","16/01/2016"
"Broadchurch: Season 1: Episode 4","16/01/2016"
"Black Mirror: Season 1: The National Anthem","15/01/2016"
"Focus","15/01/2016"
"Crimson Rivers 2: Angels of the Apocalypse","14/01/2016"
"Modern Family: Season 1: The Incident","13/01/2016"
"The Way Way Back","13/01/2016"
"Broadchurch: Season 1: Episode 3","11/01/2016"
"Ice Sculpture Christmas","11/01/2016"
"The Internet's Own Boy: The Story of Aaron Swartz","11/01/2016"
"Broadchurch: Season 1: Episode 2","09/01/2016"
"Broadchurch: Season 1: Episode 1","09/01/2016"
"Pablo Escobar, el patrón del mal: Season 1: Episode 1","09/01/2016"
"An Unfinished Life","08/01/2016"
"Modern Family: Season 1: Come Fly with Me","08/01/2016"
"Modern Family: Season 1: The Bicycle Thief","08/01/2016"
"Making a Murderer: Part 1: Turning the Tables","07/01/2016"
"Making a Murderer: Part 1: Eighteen Years Lost","07/01/2016"
"The Hurricane","06/01/2016"
"Sense8: Creating the World","06/01/2016"
"The English Teacher","06/01/2016"
"Modern Family: Season 1: Pilot","04/01/2016"
"Elementary: Season 1: A Giant Gun Filled With Drugs","02/01/2016"
"Unfaithful","02/01/2016"
"Twinsters","02/01/2016"
"Foolproof","30/12/2015"
"Narcos: Season 1: Despegue","29/12/2015"
"Narcos: Season 1: La Catedral","29/12/2015"
"Narcos: Season 1: La Gran Mentira","21/12/2015"
"Narcos: Season 1: You Will Cry Tears of Blood","21/12/2015"
"Headhunters","21/12/2015"
"Friends: Season 1: The One with George Stephanopoulos","21/12/2015"
"Friends: Season 1: The One with the Thumb","21/12/2015"
"Friends: Season 1: The One with the Sonogram at the End","21/12/2015"
"Friends: Season 1: The One Where Monica Gets a Roommate (Pilot)","21/12/2015"
"Stockholm East","21/12/2015"
"Aloha","20/12/2015"
"Den sorte Madonna","20/12/2015"
"The Boys Are Back","17/12/2015"
"August Rush","17/12/2015"
"Narcos: Season 1: Explosivos","15/12/2015"
"Narcos: Season 1: There Will Be a Future","14/12/2015"
"The Ridiculous 6","14/12/2015"
"Narcos: Season 1: The Palace in Flames","11/12/2015"
"Narcos: Season 1: The Men of Always","11/12/2015"
"The Family Stone","07/12/2015"
"American Promise","07/12/2015"
"Love and Other Disasters","05/12/2015"
"Narcos: Season 1: The Sword of Simón Bolívar","02/12/2015"
"Narcos: Season 1: Descenso","28/11/2015"
"Eternal Sunshine of the Spotless Mind","28/11/2015"
"12 Dates of Christmas","28/11/2015"
"All Hail King Julien: Season 1: King Me","28/11/2015"
"Love and Other Impossible Pursuits","27/11/2015"
"Naked Among Wolves","25/11/2015"
"The Bridge: Season 1: Episode 5","23/11/2015"
"Centurion","21/11/2015"
"Thorne: Sleepyhead","21/11/2015"
"The Family","16/11/2015"
"The Bridge: Season 1: Episode 4","12/11/2015"
"The Bridge: Season 1: Episode 3","11/11/2015"
"Shutter Island","11/11/2015"
"Johan Falk: Season 1: Gruppen för särskilda insatser","07/11/2015"
"DreamWorks Happy Holidays from Madagascar: Volume 1: Play All Three: Madagascar Short Stories","07/11/2015"
"Madagascar: Escape 2 Africa","07/11/2015"
"The Stepford Wives","04/11/2015"
"The Bridge: Season 1: Episode 2","02/11/2015"
"The Mission","30/10/2015"
"The Bridge: Season 1: Episode 1","28/10/2015"
"Elementary: Season 1: The Deductionist","25/10/2015"
"Welcome to Sweden: Season 1: Episode 3","24/10/2015"
"Welcome to Sweden: Season 1: Episode 2","24/10/2015"
"Welcome to Sweden: Season 1: Episode 1","24/10/2015"
"Welcome to Sweden: Season 1: Episode 10","23/10/2015"
"Welcome to Sweden: Season 1: Episode 9","22/10/2015"
"Welcome to Sweden: Season 1: Episode 8","20/10/2015"
"Welcome to Sweden: Season 1: Episode 7","20/10/2015"
"A Good Year","20/10/2015"
"Pulp Fiction","17/10/2015"
"Assault on Wall Street","17/10/2015"
"Welcome to Sweden: Season 1: Episode 6","15/10/2015"
"Welcome to Sweden: Season 1: Episode 5","15/10/2015"
"The Rebound","13/10/2015"
" ","13/10/2015"
"The Legend of Bagger Vance","13/10/2015"
"Interstellar","13/10/2015"
"The Sweetest Thing","13/10/2015"
"Holidaze","09/10/2015"
"Welcome to Sweden: Season 1: Episode 4","07/10/2015"
"Serial (Bad) Weddings","26/09/2015"
"Mr. Deeds","08/09/2015"
"Living on One Dollar","06/09/2015"
"Mandela: Long Walk to Freedom","04/09/2015"
"Failure to Launch","02/09/2015"
"Penguins of Madagascar: The Movie","30/08/2015"
"Skin","28/08/2015"
"The Way","28/08/2015"
"Lie to Me: Season 1: Pilot","26/08/2015"
"What Happens in Vegas","20/08/2015"
"I Heart Huckabees","20/08/2015"
"Easy Skanking","20/08/2015"
"A Little Bit of Heaven","20/08/2015"
" ","12/08/2015"
"The Oxford Murders","08/08/2015"
"Little Fockers","09/07/2015"
"Dance with Me","06/07/2015"
"One Day","01/07/2015"
"The Rum Diary","01/07/2015"
"Sweet November","29/06/2015"
"Pay It Forward","27/06/2015"
"Half of a Yellow Sun","24/06/2015"
"Elementary: Season 1: The Red Team","22/06/2015"
"Fair Game","14/06/2015"
"Elementary: Season 1: M.","13/06/2015"
"Paris Je T'Aime","05/06/2015"
"Flirting with Disaster","05/06/2015"
"Wallace & Gromit: The Curse of the Were-Rabbit","31/05/2015"
"El Narco","30/05/2015"
"Night Train to Lisbon","29/05/2015"
"Barefoot","29/05/2015"
"Elementary: Season 1: Dirty Laundry","25/05/2015"
"Great Expectations","24/05/2015"
"Elementary: Season 1: The Leviathan","16/05/2015"
"Elementary: Season 1: You Do It To Yourself","16/05/2015"
"The Hitchhiker's Guide to the Galaxy","16/05/2015"
"The Man Who Knew Too Little","16/05/2015"
"London Boulevard","16/05/2015"
"Grown Ups","14/05/2015"
"Blended","14/05/2015"
"The Adventures of Puss in Boots: Season 1: Hidden","13/05/2015"
"Untouchable","02/05/2015"
"Monsters University","01/05/2015"
"RED","25/04/2015"
"Stand Up Guys","24/04/2015"
"In Bruges","29/03/2015"
"The Fourth State","21/03/2015"
"Bloodline: Season 1: Part 1","21/03/2015"
"Kiss Me","21/03/2015"
"Elementary: Season 1: Flight Risk","16/03/2015"
"Elementary: Season 1: Lesser Evils","10/03/2015"
"Studentfesten","06/03/2015"
"House of Cards: Season 2: Chapter 14","06/03/2015"
"Alle for en","06/03/2015"
"Hinterland: Season 1: The Girl in the Water","19/02/2015"
"Better Call Saul: Season 1: Uno","18/02/2015"
"Hinterland: Season 1: Penwyllt","07/02/2015"
"Gravity","06/02/2015"
"The Killing: Season 1: El Diablo","30/01/2015"
"Confessions of a Dangerous Mind","30/01/2015"
"Broken City","30/01/2015"
"When in Rome","30/01/2015"
"Solstorm","30/01/2015"
"Elementary: Season 1: While You Were Sleeping","30/01/2015"
"The Unbelievers","29/01/2015"
"Veronica Mars","29/01/2015"
"Hinterland: Season 1: Night Music","22/01/2015"
"Hinterland: Season 1: Devil's Bridge","20/01/2015"
"Agatha Christie's Poirot: Series 10: After the Funeral","26/12/2014"
"What Just Happened","26/12/2014"
"Marco Polo: Season 1: The Wayfarer","26/12/2014"
"Jensen & Jensen","21/12/2014"
"Frygtelig Lykkelig","19/12/2014"
"The Other Side of the Bed","18/12/2014"
"The Secret in Their Eyes","18/12/2014"
"Office Space","13/12/2014"
"Mad Men: Season 1: Smoke Gets in Your Eyes","13/12/2014"
"22 Bullets","11/12/2014"
"We're the Millers","11/12/2014"
"The Hobbit: An Unexpected Journey","11/12/2014"
"Top Gear: Series 15: Episode 1","29/11/2014"
"Agatha Christie's Poirot: Series 12: The Clocks","28/11/2014"
"From Paris with Love","25/10/2014"
"Elementary: Season 1: Pilot","24/10/2014"
"Breaking Bad: Season 1: The Cat's in the Bag","18/10/2014"
"Breaking Bad: Season 1: Pilot","18/10/2014"
"Lewis: Series 6: The Indelible Stain","07/10/2014"
"Agatha Christie's Poirot: Series 10: Cards on the Table","16/07/2014"
"Miss Marple: Series 1: A Murder is Announced: Part 3","09/06/2014"
"Miss Marple: Series 1: A Murder is Announced: Part 2","09/06/2014"
"While You Were Sleeping","05/06/2014"
"Miss Marple: Series 1: A Murder is Announced: Part 1","13/05/2014"
"Agatha Christie's Poirot: Series 10: The Mystery of the Blue Train","03/05/2014"
"In the Loop","02/05/2014"
"Terms and Conditions May Apply","01/05/2014"
"Agatha Christie's Poirot: Series 9: The Hollow","23/04/2014"
"Lewis: Series 6: Fearful Symmetry","15/04/2014"
"Lewis: Series 6: Generation of Vipers","15/04/2014"
"Troy","14/04/2014"
"Agatha Christie's Poirot: Series 9: Sad Cypress","13/04/2014"
"Lewis: Series 1: Old School Ties","13/04/2014"
"Agatha Christie's Poirot: Series 12: Hallowe'en Party","08/04/2014"
"The Fall: Season 1: Episode 1","08/04/2014"
"Righteous Kill","04/04/2014"
"The Englishman Who Went Up a Hill but Came Down a Mountain","04/04/2014"
"My Life in Ruins","04/04/2014"
"Everybody's Fine","04/04/2014"
"Sherlock: Series 2: A Scandal in Belgravia","02/04/2014"
"Miss Marple: They Do It With Mirrors","26/03/2014"
"Agatha Christie's Poirot: Series 9: Five Little Pigs","24/03/2014"
"Two Weeks Notice","21/03/2014"
"The Spy Next Door","21/03/2014"
"Wuthering Heights","21/03/2014"
"Effi Briest","21/02/2014"
"Silver Linings Playbook","19/02/2014"
"Miss Marple: A Caribbean Mystery: Part 2","17/02/2014"
"Miss Marple: A Caribbean Mystery: Part 1","10/02/2014"
"House of Cards: Season 1: Chapter 13","01/02/2014"
"House of Cards: Season 1: Chapter 12","01/02/2014"
"House of Cards: Season 1: Chapter 11","25/01/2014"
"House of Cards: Season 1: Chapter 10","19/01/2014"
"House of Cards: Season 1: Chapter 9","18/01/2014"
"House of Cards: Season 1: Chapter 8","18/01/2014"
"Echelon Conspiracy","17/01/2014"
"Miss Marple: Series 1: The Moving Finger: Part 2","07/01/2014"
"Miss Marple: Series 1: The Moving Finger: Part 1","04/01/2014"
"Wall Street","04/01/2014"
"House of Cards: Season 1: Chapter 7","30/12/2013"
"Sherlock: Series 1: The Great Game","30/12/2013"
"Lewis: Series 1: Whom the Gods Would Destroy","30/12/2013"
"House of Cards: Season 1: Chapter 6","29/12/2013"
"Henning Mankell's Wallander: Season 1: Before the Frost","28/12/2013"
"Ocean's Twelve","26/12/2013"
"House of Cards: Season 1: Chapter 5","22/12/2013"
"House of Cards: Season 1: Chapter 4","21/12/2013"
"Sherlock: Series 1: The Blind Banker","20/12/2013"
"La Dolce Vita","14/12/2013"
"Lewis: Series 5: The Gift of Promise","26/11/2013"
"Miss Marple: Series 1: The Body in the Library: Part 3","24/11/2013"
"Miss Marple: Series 1: The Body in the Library: Part 2","22/11/2013"
"House of Cards: Season 1: Chapter 3","16/11/2013"
"Miss Marple: Series 1: The Body in the Library: Part 1","06/11/2013"
"Lewis: Series 5: The Mind Has Mountains","29/10/2013"
"Lewis: Series 5: Wild Justice","23/10/2013"
"House of Cards: Season 1: Chapter 2","21/10/2013"
"Strawberry Shortcake: Season 1: Berry Merry Christmas","28/10/2012"
"Strawberry Shortcake: Season 1: Spring for Strawberry Shortcake","28/10/2012"
"Strawberry Shortcake: Season 1: Get Well Adventures","27/10/2012"
"The Terminal","26/10/2012"
"Madagascar","20/10/2012"
"Plonsters: Episode 5","20/10/2012"
"Asterix the Gaul","20/10/2012"
"Strawberry Shortcake: Season 1: Meet Strawberry Shortcake","20/10/2012"
"Propaganda","19/10/2012"
"DuckTales: Season 1: Much Ado About Scrooge","19/10/2012"
"Sabrina, The Animated Series: Season 1: Harvzilla","19/10/2012"
"Babar: Season 1: Babar's First Step","19/10/2012"
"Plonsters: Episode 1","19/10/2012"
"Rasmus Klump: Episode 1","19/10/2012"
"Bamse: Skattkartan","19/10/2012"
"Windfall","17/10/2012"
"Crazy, Stupid, Love.","17/10/2012"
"Svend","17/10/2012"
